"threshold","utility","specificity","sensitivity","precision","f1","balanced_accuracy","cid"
0.44,0.946266338432683,0.925531914893617,0.950413223140496,0.804195804195804,0.871212121212121,0.937972569017056,101
