"threshold","utility","specificity","sensitivity","precision","f1","balanced_accuracy","cid"
0.54,0.957223613324228,0.960732984293194,0.956521739130435,0.88,0.916666666666667,0.958627361711814,101
